id;appointmenttype;appointmentdate;addeddate;conformdate;appointmentnumber;vehiclenumber;appointmenttime;isconformed;conformedby;lmd;lmu;customerid;contactnumber;customername;issued;hoistid;isarrived;iscancel;isnoanswer;missedappointmentcall;customermobileid;customermobilevehicleid;vehicleid;ismobileappointment;advancepayment;jobid
1;5116;2024-08-19T18:01:43;2024-08-19T22:29:52;2024-08-19T19:28:16;23151;suction between;2024-08-20T05:28:13;true;24895;2024-08-19T08:14:26;3256;21229;raw amongst;wildly;true;19084;false;false;true;separately picnic;16273;767;10005;false;15394.6;31150
2;31046;2024-08-19T20:00:27;2024-08-19T21:59:28;2024-08-19T13:09:47;31629;pro dugout among;2024-08-19T14:04:27;true;9664;2024-08-20T00:46:22;813;27430;whose regular;modulo;true;11125;true;true;true;drat;4837;9490;6989;false;437.11;23176
3;32495;2024-08-19T23:02:56;2024-08-19T12:17:43;2024-08-19T07:46:08;11294;um yawning gadzooks;2024-08-19T10:56:37;false;28078;2024-08-20T06:16:43;10108;11685;vice hidden a;style under patter;true;13726;false;true;false;merry and inwardly;25602;23608;21754;false;12697.36;10695
4;24126;2024-08-20T03:59:20;2024-08-19T10:36:52;2024-08-20T00:00:03;20697;likewise intensely;2024-08-19T21:19:29;false;29903;2024-08-20T06:10:46;28245;19180;annually considering;hmph;true;27639;true;false;false;winery patronize;21723;17523;2136;true;14654.66;27455
5;15246;2024-08-19T23:01:09;2024-08-19T13:33:45;2024-08-20T01:47:42;865;when tangible behind;2024-08-20T00:54:30;false;22754;2024-08-19T10:45:53;18390;15249;borrower shyly;intermesh;true;18695;false;false;true;unless;2028;15241;3070;true;16260.83;22497
6;29409;2024-08-19T12:18:59;2024-08-19T22:50:38;2024-08-19T22:56:37;5037;yahoo;2024-08-19T11:02:34;true;15234;2024-08-20T04:48:21;20180;26883;inside kiddingly;spool stop;false;30719;false;true;false;anorak;19463;29017;12028;false;21083.64;8228
7;14166;2024-08-19T08:38:55;2024-08-19T08:30:41;2024-08-20T02:54:24;12315;blah;2024-08-19T22:29:41;false;20831;2024-08-20T02:33:47;32589;18647;oval;polenta octavo;false;30001;true;true;true;phew;27736;20852;28477;false;1865.52;5652
8;19703;2024-08-19T10:02:25;2024-08-19T20:49:18;2024-08-19T10:44:42;1108;mad;2024-08-19T20:08:35;false;26919;2024-08-19T23:24:30;21495;27184;yieldingly carnival wetland;afore wave;true;10313;true;false;false;swivel upliftingly;23460;32139;23901;false;20493.62;24902
9;20756;2024-08-20T06:36:14;2024-08-19T13:12:53;2024-08-19T13:11:44;6536;nearest;2024-08-19T17:26:00;false;14877;2024-08-20T00:13:20;20619;31922;rider provided sphere;adjure call;false;24753;false;true;true;vapid gosh;27036;30331;14743;false;133.41;20859
10;6116;2024-08-20T01:27:10;2024-08-19T09:17:17;2024-08-19T23:00:40;14436;plus;2024-08-19T23:26:07;true;9636;2024-08-19T08:56:51;14301;9188;caption ghostwrite;but compute thought;true;32554;true;false;false;ouch wearily fabric;18333;11526;14371;true;18871.27;20820
