id;customerid;vehiclenumber;categoryid;categoryname;typeid;typename;makeid;makename;model;yom;customercode;remarks;servicecount;eng_no;cha_no;milage;lastservicedate;nextservicedate;lmu;lmd;nextgearoilmilage;nextmilage;serviceperiod
1;3722;trifling boo by;16578;abaft uh-huh an;22491;dependency besides;19560;ding yet;hence indeed;bowdlerise qua veto;tanker from;granny or;16526;consequently boohoo supposing;incidentally pfft;um string;2024-08-20;2024-08-20;17577;2024-08-19T13:18:08;traumatic;which;23090
2;12753;the clock clearly;10271;congressperson;21042;tar vest lavish;2557;ugh apud while;via where bashfully;curiously detainment bravely;deem terribly;desensitize jam-packed;6868;a meanwhile;fatally;gadzooks mist;2024-08-19;2024-08-19;12144;2024-08-19T20:45:33;grab-bag portray;pointless zing dimpled;32510
3;5400;juicy jut plough;580;expense floozie a;32182;yahoo;7278;once brr um;weekend inhale nearly;demand;admirable;coaxingly aluminium immediately;15117;quarrelsomely;feature potentially;formal refrain modulo;2024-08-19;2024-08-19;16193;2024-08-19T16:30:40;stumbling huzzah;fairly than alongside;14688
4;13888;brownie though longingly;5466;roust blissfully pfft;5304;yippee;28315;carelessly decree mantua;acidly rust;even down;patiently modeling;till after fooey;15633;while sharply yuck;fatal trim;section drat;2024-08-19;2024-08-19;23090;2024-08-19T22:32:12;muddy boo;pup sky unfortunately;13656
5;29772;abaft;25592;pish joshingly for;13322;great-grandfather despite;30142;earth;vogue meanwhile rummage;about;citrus solution wonderfully;defiantly;9380;where;tattoo but cravat;battle prejudice dob;2024-08-20;2024-08-19;4149;2024-08-20T05:50:26;coarse concerning when;buttery;2208
6;6321;yahoo comedy torte;32259;oh boohoo;10752;elevator;32712;parenthesis;suspiciously intention;feminize coolly;cart;potentially meanwhile pish;25596;simulate barber very;punctually wave;lest micronutrient charming;2024-08-19;2024-08-19;25712;2024-08-19T06:10:25;inquisitively restoration qua;likewise indeed hm;10585
7;24287;osmosis sugary;31436;township;1563;upright knowingly madly;22488;lover supposing ick;furthermore minus;plonk by;ouch impose;apropos nervously painfully;4134;hence quicker pish;reproduce;midst meh shampoo;2024-08-19;2024-08-19;13958;2024-08-19T16:03:24;duh infantile noisily;boo;4302
8;6282;furthermore;16574;anchored kindness ugh;20046;where restring rip;21555;before pish;towards;configuration whenever;gee;circa roughly grim;28042;elaborate rigidly;naughty monitoring psst;and;2024-08-20;2024-08-19;31934;2024-08-20T05:27:29;gently;or fooey salt;11657
9;26247;before reproachfully;3795;gynaecology busy health-care;21247;harmonize upon;28581;hence;surprisingly coincidence unaccountably;moralize provided;jelly life er;original zowie;13536;athwart;stiff;not um;2024-08-19;2024-08-20;14927;2024-08-19T13:59:44;painfully music-box elbow;insidious given yieldingly;26331
10;1805;upwardly ack upbeat;23777;upliftingly pfft;12260;embarrassed inside because;4259;within modulo accident;scale badly;gracefully supposing gulp;afterwards frankly;gifted sail;30812;poorly;merrily;print;2024-08-19;2024-08-19;9172;2024-08-20T04:50:31;beautifully honeymoon;off;8543
