id;jobid;instruction;isactive;lmu;lmd;ignore;vehicleid;vehicleno
1;29903;oof ack disambiguate;true;3579;2024-10-03T22:27:51;true;1617;considerate
2;21951;sad;true;14611;2024-10-03T18:31:01;false;22994;hm wherever
3;25781;limp glass ick;false;24119;2024-10-04T09:13:00;true;31389;but
4;12379;bagpipe;true;8633;2024-10-03T11:08:59;false;12359;elementary
5;6185;scuttle jealously;false;29902;2024-10-03T14:23:15;true;5551;happy-go-lucky
6;14571;dream meh;false;19655;2024-10-04T07:26:45;false;12508;neuron
7;17489;anti;false;19931;2024-10-04T01:45:02;false;4262;sonnet
8;10541;able plead;false;3914;2024-10-03T10:52:56;true;23723;emcee food
9;26392;waver lopsided excursion;true;29998;2024-10-03T19:52:34;false;30268;wise
10;25046;torn unbearably gut;false;27503;2024-10-03T22:25:32;false;1703;as merrily
